first_name,last_name,Birth_date
Deana,Matthaus,06/07/1999
Giffard,Girk,06/06/1998
Alberik,Lynock,13/05/1998
Caralie,Stiffkins,12/11/1998
Hermie,Haydney,04/12/1998
Roberta,Brazear,19/05/1999
Tibold,Whales,08/01/1999
Lenci,Benda,10/06/1999
Bartram,Darrow,02/08/1998
Alvy,Schutte,03/05/1999
Keenan,Gravatt,07/07/1998
Valeria,Roston,27/03/1998
Christos,Mackett,18/02/1999
Andreana,Reeves,06/09/1998
Kandace,Spaducci,21/02/1999
Marley,Daniel,04/08/1999
Natalya,Castelow,14/07/1999
Lusa,Hothersall,01/05/1999
Ingrim,Worlidge,16/05/1998
Ruthanne,Fitzjohn,02/03/1999
