id,FirstName,LastName,DepartmentName,Salary,HireDAate
1,Radcliffe,Bilney,Accounting,47074.94,2019-03-03
2,Toiboid,Lindenman,Business Development,44205.91,2020-12-29
3,Aile,Boyde,Business Development,30757.29,2020-12-20
4,Hanny,Baughan,Support,40340.14,2021-04-04
5,Stanford,Liversidge,Marketing,47755.78,2019-11-20
6,Moe,Heinschke,Research and Development,39670.74,2021-12-11
7,Purcell,Draisey,Sales,37551.55,2019-11-03
8,Orelia,Affuso,Training,41209.37,2020-06-17
9,Jeffrey,Tabourier,Services,24391.11,2021-09-18
10,Fidel,Dallicoat,Product Management,24845.60,2018-01-05
11,Kelli,Aireton,Research and Development,48529.88,2020-10-06
12,Nerte,Freda,Research and Development,47933.14,2016-11-23
13,Jamey,Wassung,Human Resources,27311.78,2018-12-24
14,Charity,Collum,Business Development,33013.75,2016-12-27
15,Sula,Farran,Sales,39778.87,2021-08-09
16,Siobhan,Hessentaler,Research and Development,39925.02,2019-01-20
17,Caitlin,Scullin,Support,47393.68,2017-11-11
18,Calhoun,Bradbury,Business Development,45907.71,2017-04-10
19,Darrel,Nunns,Legal,25318.83,2016-12-13
20,Felicdad,Thwaites,Sales,36652.53,2016-08-23
21,Noami,Alchin,Marketing,22196.36,2017-01-30
22,Maje,Reedyhough,Legal,21276.52,2021-06-09
23,Denice,Faudrie,Business Development,23537.83,2021-10-12
24,Vincenty,Tutsell,Sales,43874.58,2020-11-20
25,Brear,Antoney,Services,34747.49,2019-04-28
26,Akim,MacAlpyne,Human Resources,24673.22,2020-11-10
27,Christoper,Olenikov,Legal,20247.39,2019-06-25
28,Christiano,Condict,Sales,37785.85,2020-01-31
29,Dev,Cardo,Marketing,32949.07,2020-06-02
30,Aili,Deinhardt,Legal,32605.48,2017-01-14
31,Gay,McBrearty,Product Management,47274.09,2021-02-02
32,Marcela,Gunney,Product Management,30242.14,2019-12-19
33,Sal,Braid,Legal,30007.10,2021-08-23
34,Adrien,Petrina,Legal,32995.99,2019-06-08
35,Mae,Younger,Services,35586.92,2016-12-07
36,Bank,Crossley,Research and Development,44621.95,2020-03-23
37,Megan,MacKee,Sales,39862.33,2019-09-11
38,Malva,Moysey,Research and Development,25809.73,2018-02-22
39,Ham,Feveryear,Services,34127.76,2019-01-05
40,Harley,Tonge,Business Development,21076.60,2021-02-09
41,Lola,Bristow,Support,34783.76,2019-11-23
42,Aeriell,Skough,Support,46385.37,2022-01-13
43,Phoebe,Manterfield,Accounting,34082.49,2020-10-18
44,Obadias,Naulls,Support,23008.45,2018-03-29
45,Gregorius,Bielfeld,Research and Development,39973.11,2019-01-31
46,Bertha,Royds,Services,36765.16,2017-08-27
47,Karoly,Crowther,Support,20503.55,2017-08-14
48,Almeria,Rosellini,Accounting,24376.45,2022-01-28
49,Marinna,Abrahami,Accounting,38637.16,2019-12-06
50,Georgena,Sherebrook,Legal,22145.39,2017-06-07
